{"cameraMode":{"drawMode":0,"name":"Shaded","section":"Shading Mode"},"sceneLighting":true,"audioPlay":false,"sceneViewState":{"showFog":false,"showMaterialUpdate":false,"showSkybox":false,"showFlares":false,"showImageEffects":false,"showParticleSystems":false},"in2DMode":false,"pivot":{"x":-0.16162109375,"y":0.68896484375,"z":3.240234375},"rotation":{"x":-0.40996816754341128,"y":0.006052128504961729,"z":-0.0030058182310312988,"w":-0.9121588468551636},"size":18.899120330810548,"orthographic":true}