{"cameraMode":{"drawMode":0,"name":"Shaded","section":"Shading Mode"},"sceneLighting":false,"audioPlay":false,"sceneViewState":{"showFog":false,"showMaterialUpdate":false,"showSkybox":false,"showFlares":false,"showImageEffects":false,"showParticleSystems":false},"in2DMode":false,"pivot":{"x":-0.013770878314971924,"y":0.034942399710416797,"z":0.011116743087768555},"rotation":{"x":-0.33605965971946719,"y":-0.15123006701469422,"z":0.054612986743450168,"w":-0.928066611289978},"size":1.8626670837402344,"orthographic":true}