{"cameraMode":{"drawMode":0,"name":"Shaded","section":"Shading Mode"},"sceneLighting":false,"audioPlay":false,"sceneViewState":{"showFog":false,"showMaterialUpdate":false,"showSkybox":false,"showFlares":false,"showImageEffects":false,"showParticleSystems":false},"in2DMode":false,"pivot":{"x":-0.0108642578125,"y":-0.0157470703125,"z":-0.003753662109375},"rotation":{"x":0.28698351979255679,"y":-0.6389476656913757,"z":0.2791537046432495,"w":0.6568887233734131},"size":0.018972113728523256,"orthographic":true}